{
  "baseline": {
    "model": "BaselineGPT",
    "params": 13329233,
    "reproducibility": [
      10.747070948282877,
      10.738211631774902,
      10.764070510864258
    ],
    "router_entropy": null
  },
  "kolosis_s": {
    "model": "KolosisS",
    "params": 26739165,
    "reproducibility": [
      10.834209442138672,
      10.829275767008463,
      10.82653522491455
    ],
    "router_entropy": null
  },
  "kolosis_x": {
    "model": "KolosisX",
    "params": 33399192,
    "reproducibility": [
      8.100388526916504,
      8.09365177154541,
      8.103095372517904
    ],
    "router_entropy": [
      1.0985915660858154,
      1.0985876321792603,
      1.0985898971557617,
      1.0985890626907349,
      1.098590612411499
    ]
  }
}